id,location,Title,FIM_EnName
COLLECT101314387590,"5.142142675883194\,-73.9704940590106",Embarcadero Del Neusa,The Neusa Jetty
COLLECT101317928241,"8.066953499265445\,-76.73574450000001",Puerto,Port
COLLECT1013106439,"25.649543999756414\,-100.28699999999999",Locombia,Locombia
COLLECT1013106537,"16.754519699274322\,-93.12385910000002",Xcaret,Xcaret
COLLECT1013106575,"20.294327585531907\,-103.25208852399562",Club Nautico Y Deportivo La Floresta,Club Nautico and sport La Floresta
COLLECT1013106544,"23.188517110501937\,-102.8633284106152",Club de Raqueta,Racket Club
COLLECT1013106513,"21.98458699952731\,-98.749785",Muelle Rancho La Jarrilla,Spring Ranch the Jarrilla
COLLECT1013106492,"16.73830454618411\,-93.1456439915071",Marina de Chiapas,Marina de Chiapas
COLLECT1013106571,"25.425983959742442\,-100.14607173000002",Casa Bote INDE NL,House boat INDE NL
COLLECT1013106470,"20.754764556340287\,-103.40021514892578",llammas gym mma,llammas gym mma
COLLECT1013932675,"19.26685860410609\,-99.00681960171298",Embarcadero de los Reyes Aztecas,The Aztec Kings Wharf
COLLECT1013932819,"18.6261514397882\,-99.2571145677302",Paradise Ski Club,Paradise Ski Club
COLLECT1013932756,"19.26003254618267\,-99.10100106203083,Belem",Embarcadero De Belem,Jetty from Belem
COLLECT1013932800,"19.570247083966844\,-99.23990940159017",Hgmvkhaa,Hgmvkhaa
COLLECT10131152636,"-26.559960799812412\,-54.80571440000001,Port Montecarlo",Puerto Montecarlo,Port Montecarlo
COLLECT10131152623,"-25.305499053482322\,-57.39429905316746",Muelle Verde,Green Spring
COLLECT10131152630,"-25.260261535376586\,-57.64213562011718",puerto acuamundo,port acuamundo
COLLECT10132327633,"-25.32494649379084\,-57.58177451527824",Club 3 de noviembre bario san pablo,Club November 3 barium san pablo
COLLECT10132327584,"-26.85167503339936\,-58.29961013793946,Paraguay",Asociaciaci√≥n Rural del Paraguay,Rural Asociaciaci√≥n of Paraguay
COLLECT10132327599,"-27.24840991072713\,-58.55118216273673",Ita Piru,ITA Piru
COLLECT10132327574,"-26.853476499830162\,-58.324524",Puerto Cano,Cano port
COLLECT10134415189,"14.736314999227748\,-91.21846600000003",Lancha de Jaibalito,Boat of Jaibalito
COLLECT10133556399,"14.72292285686626\,-91.25853538513184,San Marcos",Lancha de San Marcos,Boat from San Marcos
COLLECT10133556410,"14.737554631769596\,-91.15956580885644,Panajachel",Lancha de Panajachel,Boat from Panajachel
COLLECT10135156696,"-39.27848051598835\,-71.97946423500784",Yachting Club Pucon,Yachting Club Pucon
COLLECT10135156636,"-33.859083923695295\,-70.91509160330301",Club de Regatas Aculeo,Club Regata Ac√∫leo
COLLECT10136173005,"-23.616666999628308\,-69.75",Fogons,Stoves
COLLECT10135156624,"-33.43643640199539\,-70.708265553376",ata diaz rozas,until diaz rozas
COLLECT10136172919,"-41.31373450019459\,-72.9805527",Club de Yates Puerto Varas,Yacht Club Puerto Varas
COLLECT1013932668,"19.26119907984705\,-99.10024676422066",Embarcadero Salitre,Embarcadero Salitre
COLLECT1013932786,"19.450161867154858\,-99.1560734210291",FITNESS TIME XTREME,FITNESS TIME XTREME
COLLECT1013932809,"17.742675595796968\,-97.81820371300361,Laguna Yosocuta",Laguna Yosocuta (Puerto),Laguna Yosocuta (port)
COLLECT1013932723,"25.678457999758198\,-100.48573400000001",S√©ptimo C√≠rculo Del Infierno,Seventh circle of hell
COLLECT10135539939,"-33.87209312787469\,-70.89331246324579,Laguna San Francisco",Laguna Aculeo Marina San Francisco,"Laguna San Francisco\, Marina Ac√∫leo"
COLLECT10136172965,"-33.391002949599866\,-70.50517224591066,EU",Sucursal Catedral del F√∫tbol UE,Cathedral of soccer EU branch
COLLECT10135156715,"-34.14582630015488\,-71.3801325",Lago Rapel,Lake Rapel
COLLECT10135156643,"-33.37266398720224\,-70.64333826473919",Mutan Rashen HQ,HQ Member
COLLECT101328148983,"-25.121725082081348\,-66.16777038574219",Centro de entrenamiento de Alta Monta√±a,High mountain training center
COLLECT101328148782,"-48.46791960007603\,-72.5612409",Armada de Chle,Team Navy
COLLECT101327946548,"-32.879862672520886\,-60.687565821453,Costa Alta",Guarderia Costa Alta,Costa Alta nursery school
COLLECT101327946550,"-37.554116500236\,-62.78939340000001",Isla de Puan,Island of Puan
COLLECT101332259440,"-23.28006463966207\,-49.02127284703029",Condom√≠nio Estrela D'Alva,Condom√≠nio Estrela D'Alva
COLLECT10136172937,"-40.66142560020091\,-72.4240123",Isla Fresia,Isla Fresia
COLLECT1013106588,"19.32154821780123\,-98.24340707032604",fronton del rio,fronton of the river
COLLECT1013106611,"19.822326999405036\,-98.481491",laguna de acocomulco,acocomulco lagoon
COLLECT1013106447,"20.201424057690183\,-103.30844486832359",Malec√≥n,Malecon
COLLECT1013106430,"19.180216973710827\,-100.12566526603167",Club Nautico El Coporito,The Coporito Yacht Club
COLLECT1013106456,"19.89717199940892\,-103.792645",Embarcadero Presa del Nogal,Jetty dam of the walnut tree
COLLECT10132327618,"-25.34729266463374\,-57.64381904066889",marina 7,marina 7
COLLECT10132327656,"-25.269050344246903\,-57.564265938642336",FiionGroup Centro De Rehabilitacion Integral Y DEPORTIVA,FiionGroup Integral and sports rehabilitation center
COLLECT10135539898,"-39.289757813873514\,-72.22086545475203",Embarcadero,Embarcadero
COLLECT10135539933,"-41.147780690480175\,-73.00934021402799",Club de Pesca y Caza,Fishing and hunting Club
COLLECT10135156659,"-33.50454252018578\,-70.65271370725564",Huracan all stars gym,Huracan all stars gym
COLLECT10131152659,"-25.304189879795462\,-57.37552486624513",Circulo de Oficiales Retirados de las FFAA de la Nacion - Aregua,Circle of officers retired from the armed forces of the nation - Aregua
COLLECT10131152672,"-26.85385589832994\,-58.300132885098535",Club Deportivo Pilarense,Pilarense Sports Club
COLLECT10131152660,"-25.267093658179768\,-57.567176818847656",FisionGroup,FisionGroup
COLLECT10133317611,"11.899132807081143\,-85.92938910201617",Nica Action Sport,Nica Action Sport
COLLECT10136172913,"-34.136131286775736\,-71.40019226074219",Muelle El Mirador del Estero,Spring El Mirador del Estero
COLLECT10136172974,"-34.23167380015699\,-71.4372908",Club de Yates Santiago,Yacht Club Santiago
COLLECT10136172982,"-39.30375288676802\,-72.11700439453125",La Puntilla,Picot
COLLECT1013932649,"19.559678999391537\,-99.219208",Nczabjo,Nczabjo
COLLECT1013932816,"19.56353799939174\,-99.239897",Cdder,Cdder
COLLECT1013932698,"19.22417437118111\,-100.141045559632",Nautica las Olas,Nautical waves
COLLECT1013932671,"19.19993816704183\,-100.14578101651004",Club de Vela La Pe√±a,The rock Sailing Club
COLLECT1013932719,"20.666561099790375\,-103.28178978210396",Pto Vallarta,PTO Vallarta
COLLECT1013932775,"19.570788522447256\,-101.64896504723251",Lancha A Janitzio,Boat to Janitzio
COLLECT1013106413,"20.430762599437532\,-103.3124681",Muelle,Spring
COLLECT1013106406,"20.150471999422326\,-102.762878",El Faro,The lighthouse
COLLECT1013106420,"24.8105949997037\,-107.40717600000002",Paseo en Lancha,Boat ride
COLLECT1013932732,"25.19120407077264\,-99.80504608154298",Puerta La boca,Door mouth
COLLECT1013932641,"27.442489999864907\,-99.52939,Gimnasio Sport City",Gimnasio Sport City,Gimnasio Sport City
COLLECT10133556407,"15.321600999237516\,-91.5152541",Pier Para Pescar,Pier fishing
COLLECT10133317594,"11.911654699227496\,-85.92928129999999",Caba√±a Amarilla,Yellow cottage
COLLECT101323820490,"25.43726452651477\,-100.98317036260178",May Dance (zumba),May Dance (zumba)
COLLECT101317925771,"-27.250242569716033\,-58.54276843401543,Port Paso de Patria",Puerto Paso de Patria,Port Paso de Patria
COLLECT101328148927,"-25.35660050107566\,-57.644652450844504",PUERTO ITA ENRAMADA,PUERTO ITA ENRAMADA
COLLECT101328148821,"-27.45710568485149\,-58.81726426143582",guarderia n√°utica carlos eugenio,nautical nursery carlos eugenio
COLLECT101332258935,"-16.62770061816685\,-49.33320522308351",CasaDani27,CasaDani27
COLLECT101331985455,"-34.67048799867142\,-71.114501953125",El Para√≠so,Paradise
COLLECT101332258872,"-22.264879947883244\,-46.935361303426916",Pesqueiro Roda D'agua,Water Wheel fishing
COLLECT101327872209,"-7.617776393272236\,-37.153656005859375",myr00m,myr00m
COLLECT101332258776,"-25.368360948297344\,-49.24780275374917",Marina Millenium,Marina Millenium
COLLECT101332258796,"-24.505624700222793\,-54.3179053709355",Clube Nautico Toledo,Club Nautico Toledo
COLLECT1013106593,"19.285950486335402\,-99.14900156064682",estacionamiento Ife,parking Ife
COLLECT1013106615,"19.5635519993917\,-99.23989",xbaiuew,xbaiuew
COLLECT1013106500,"19.25260139298706\,-99.09343895798482",Embarcadero Nuevo Nativitas,New Jetty Nativitas
COLLECT1013106562,"18.462572941900188\,-97.41724186487265",Zona Hotelera Canc√∫n,Zona Hotelera Cancun
COLLECT1013106466,"19.36554280803369\,-99.20105453689149",La Terraza de Daisy,Daisy terrace
COLLECT1013106564,"19.22089462989813\,-100.13400615281654",Caba√±as Las Lagartijas,Caba√±as lizards
COLLECT1013106510,"20.09253199941922\,-98.706827",Centro de Yoga India-M√©xico-China,Yoga India-mexico-China Center
COLLECT1013106486,"20.43116261161799\,-103.31214829565198",Malec√≥n de Cajititl√°n,Cajititlan Malecon
COLLECT1013106426,"19.224642510279228\,-100.14433276994409",Marina Laumase,Marina Laumase
COLLECT1013106396,"18.015199999320362\,-92.92004",Lino's car,Lino's car
COLLECT1013106519,"19.570198999392073\,-99.25239799999999",xbny,xbny
COLLECT1013932791,"19.201223967857825\,-100.12515819283361,San Gaspar del Lago",San Gaspar Del Lago,San Gaspar del Lago
COLLECT1013932764,"19.41907377336912\,-98.13539999292017",Puerto El Rosal,Puerto del Rosal
COLLECT1013932746,"20.548845290581728\,-100.85274505615234",Milvia B-Day,Milvia B-Day
COLLECT1013932768,"20.554042602504797\,-103.36150678204037",Chivas Toluquilla,Chivas Toluquilla
COLLECT10131699536,"-4.917102150849312\,-80.69703478621109",Sullana Yatch Club,Sullana Yatch Club
COLLECT10131687235,"-25.507985812525362\,-54.604732305217254",Puerto Tres Fronteras,Port three borders
COLLECT10131699528,"-9.035285799310776\,-75.50607399999998",Puerto de Aguayt√≠a,Port of Aguaytia
COLLECT10131687240,"-26.060991399781983\,-54.650625700000006",Puerto Krieger,Puerto Warrior
COLLECT1013932661,"20.640414965943343\,-103.43703031539917",Fernando Haces,Fernando do
COLLECT1013932697,"25.4325061841345\,-100.14828195993583",Boca Palma,Mouth Palm
COLLECT1013932742,"20.662816999450328\,-103.39909200000001",La Ducha,The shower
COLLECT1013932747,"17.98227283731336\,-92.93561518929914",27 de Febrero,February 27
COLLECT1013932785,"19.598247527469642\,-98.97523498535156",Deportivo santa rosa,Deportivo santa rosa
COLLECT1013932824,"19.45769691405926\,-99.2528076171875",Ceyac Naucalpan,Ceyac Naucalpan
COLLECT1013932762,"19.546972122127485\,-101.61338155891531",Muelle La Garza,Heron Quay
COLLECT1013932655,"19.57367352768476\,-101.64843160342525,Patzcuaro",Lancha A P√°tzcuaro,Boat to Patzcuaro
COLLECT1013932750,"19.341716950455297\,-99.18289803808722",End of the Road,End of the Road
COLLECT10132327639,"-25.332612991069624\,-57.59595108032226",asunci√≥n capital azulgrana,Catalan capital Asunci√≥n
COLLECT10133317600,"11.899046999227695\,-85.9293",Marina Cocibolca,Marina Cocibolca
COLLECT10133556398,"14.604488411449523\,-90.54510906436109",Entrenamiento para pirata,Training for pirate
COLLECT10135539912,"-39.27880630020884\,-71.9800214",ski acuatico wakeboard PUCON 94007875,ski acuatico wakeboard PUCON 94007875
COLLECT10135539925,"-39.27342100020881\,-71.974",Saavedra's Lake Resort,Saavedra's Lake Resort
COLLECT10136172995,"-33.38341522230208\,-70.76795196533203",la cancha,the Court
COLLECT10135539893,"-39.28063109587371\,-72.22041774422247",Enbarcadero Villarrica,Wharf Villarrica
COLLECT10136172950,"-33.53894424452333\,-70.59876251220703",chocolateria mirador,chocolateria mirador
COLLECT10135156668,"-39.27778512635747\,-71.97920376761394",Puerto Puc√≥n,Puerto Pucon
COLLECT1013551412,"11.026414199244105\,-84.457858",Montecristo wildlife refuge,Montecristo wildlife refuge
COLLECT10131152613,"-25.316540432833964\,-54.623320278496884",Santa Elena Marina & Country Club,Santa Elena Marina & Country Club
COLLECT101315214410,"9.907236638183589\,-84.06165925211658",Puerto Caldera,Puerto Caldera
COLLECT101315869072,"-16.623619816561376\,-49.21953333897818",Ponto Bus18,Bus18 Point
COLLECT101315882631,"-29.693117141710523\,-53.81245422363281",fgj,GF
COLLECT101317925744,"-25.347401325398188\,-57.5736890167243,Port Angostura,Villeta",Puerto Angostura - Villeta (Par),Port Angostura - Villeta (pair)
COLLECT101323820550,"19.175437479577305\,-100.13566376934762",Club N√°utico Nautilus,Yacht Club Nautilus
COLLECT101327178056,"-39.27865986859942\,-71.97968602180481",Ski Acu√°tico Wakeboard Pucon,Water skiing Wakeboard Pucon
COLLECT101327946646,"-25.120256423633943\,-66.16248321533203",omnipuerto,omnipuerto
COLLECT101328148990,"-31.375400900072165\,-64.436201",Muelle San Roque,Spring San Roque
COLLECT101328148827,"-27.665982699860457\,-65.7680916",Club Na√∫tico Escaba,Club Nautico escapes
COLLECT1013106403,"20.69824927738247\,-100.44155205273478",Venancios Gym,Venancios Gym
COLLECT1013106451,"19.681812826164723\,-98.99969785875437",Parada ozumbilla,Stop ozumbilla
COLLECT1013106531,"16.739796724439497\,-93.03130450090836",Embarcadero Cahuar√©,Embarcadero Cahuar√©
COLLECT1013106480,"19.30695628425889\,-99.08711409370815",Tri√°ngulo de las Agujas I deportivo,The needles I triangle sports
COLLECT1013106552,"20.28376288692672\,-103.41608623642169",Malec√≥n,Malecon
COLLECT10131152641,"-27.325471999858138\,-57.728339999999996",Mirador Cerro Ita,Mirador Cerro Ita
COLLECT10131152674,"-25.362746511237507\,-57.443119077292614",FamiliA aranda,Aranda family
COLLECT10131152671,"-26.861923380379274\,-58.30186712119178",Puerto Paso de Patria,Port Paso de Patria
COLLECT10131152628,"-25.278055893083863\,-57.64126793958156",Galpon de remo mbigua,Remo mbigua shed
COLLECT10131152617,"-25.525023651378948\,-54.61737016842587",New MASTER GYM,New MASTER GYM
COLLECT10131152609,"-25.443639203825512\,-57.5480929848055",Terport S.A.,Terport S.A.
COLLECT10131152619,"-26.355983044438027\,-54.72009819032631,Argentina,Victoria Harbour",Puerto Victoria - Argentina,Victoria Harbour - Argentina
COLLECT10131152604,"-25.374163881448982\,-55.37820878444829,Acaray Lake","Balza\, Lago Acaray","Balza\, Acaray Lake"
COLLECT1013932795,"19.328889592049094\,-98.53073793097946","Renta de Lanchas ""Ojo de Agua""","Rent of boats ""Ojo de Agua"""
COLLECT1013932828,"17.069189070939967\,-96.71581268310547",Isla Del Capit√°n Hayque,Island of the captain frame
COLLECT1013932711,"19.30616497270253\,-99.12852378769438",Estanque De Las Orcas,Pond of Orcas
COLLECT1013932689,"22.126795999535847\,-102.365803",Presa Jocoqui,Jocoqui dam
COLLECT1013932717,"19.285798028226647\,-99.11812649789337",Upiicsa Remo,Upiicsa Remo
COLLECT10132086196,"-3.722233746155887\,-73.23959832760607",Puerto Henry,Puerto Henry
COLLECT10131687188,"-24.995313796982014\,-57.55601591067392",Costanera de Pilar,Waterfront of Pilar
COLLECT10133317608,"11.897507941921543\,-85.92902477523789",Lanchas la Cabana Amarilla,The yellow cabin boats
COLLECT10132086212,"-5.180756699544446\,-80.6304367",Terminal Portuario de Paita,Paita port terminal
COLLECT10132327654,"-27.36609539986051\,-55.86005200000001",Puerto Posadas,Port lodges
COLLECT10131687251,"-27.3262764998582\,-56.32335,San Cosme",Marina San Cosme y Damian,Marina San Cosme and Damian
COLLECT101320949854,"8.286477609605216\,-62.740302315024856",Puerto Ordaz,Puerto Ordaz
COLLECT101315882689,"-29.994013448294197\,-51.26648377026819",Pier 340,Pier 340
COLLECT10136172957,"-33.27848060013092\,-70.62972830000001",Marina Chicureo,Marina Chicureo
COLLECT10136172920,"-39.2793450223533\,-71.97947581133128",Puerto Del Estero,Port of the Estero
COLLECT10136172959,"-38.904924913415286\,-72.38318155890593",Caleta Mehuin,Caleta Mehu√≠n
COLLECT10135539904,"-40.77096080019996\,-72.67495970000002",Marina Paraiso Rupanco,Marina paradise Rupanco
COLLECT10135561327,"10.461475837761702\,-84.00073261369917,Sarapiqui Puerto Viejo",Sarapiqui Puerto Viejo,Sarapiqui Puerto Viejo
COLLECT10135156717,"-41.49898505212897\,-72.98953348381148",Club N√°utico Reloncav√≠,Club N√°utico Reloncav√≠
COLLECT10135561316,"9.927551976035131\,-84.12502321371527",Costa Rica????????,Costa Ricaüá®üá∑üá®üá∑
COLLECT10135156708,"-34.15074671219104\,-71.45397528069455",Capitan√≠a de Puerto Embalse Rapel,Captaincy of port Embalse Rapel
COLLECT10136173021,"-33.34967346335009\,-70.53420066833496",boat,boat
COLLECT10136172985,"-41.13881620019642\,-72.4009844",Petrohue,Petrohue
COLLECT10136172943,"-33.46995308855502\,-70.65628608651562",boat,boat
COLLECT101328148814,"-33.032223404659206\,-58.509385294670665",Club El Yacare,Club alligators
COLLECT101327178018,"-39.541736602991136\,-72.14269256591797",Puerto Curihue,Port Curihue
COLLECT101327946558,"-25.35599807291069\,-57.644735063175915",Cavel,Cavel
COLLECT101315882922,"-31.370805109486337\,-51.9611039098454",Marina Camping SLS,Marina Camping SLS
COLLECT101328417720,"6.220958635611198\,-75.19240379333496,Antioquia",CRA Corporaci√≥n Recreativa de Antioquia,CRA recreation Corporation of Antioquia
COLLECT101316960566,"-8.078556199448611\,-34.90120949999994",Heliponto Weston,Helipad Weston
COLLECT101316959588,"-22.9961109156098\,-47.105831146240234",Elektro Heliport,Elektro Heliport
COLLECT101316958341,"-23.481586499674076\,-46.77803729999994",M√°laga Heliport,M√°laga Heliport
COLLECT101315018182,"3.077562399757587\,-75.29577949999998",Helipuerto,Heliport
COLLECT10132571809,"8.972117899411646\,-79.52473339999995",Helipad,Helipad
COLLECT101347717,"-41.054400000281824\,-71.5339",Complejo Llao Llao Heliport,Complex Llao Llao Heliport
COLLECT101353063,"-34.500800000233404\,-59.01500000000001",La Superba Heliport,At Superba Heliport
COLLECT101353397,"-54.233547999959036\,-67.213246",Estancia Rio Ewan Heliport,River stay Ewan Heliport
COLLECT101346874,"-34.232500000224285\,-59.31580000000001",El Capricho Heliport,Caprice Heliport
COLLECT101346719,"-34.565959900164756\,-58.40699639999996",60,60
COLLECT101347828,"-31.33920000008806\,-63.91380000000001,Montecristo",Montecristo / Transener S.A. Heliport,Montecristo / Transener S.A. Heliport
COLLECT101348012,"-24.77309999957347\,-65.4156",Hospital De Milagro Heliport,Hospital De Milagro Heliport
COLLECT101346944,"-26.996249599861684\,-54.481552499999964",Helipuerto,Heliport
COLLECT101347695,"-34.63102880014255\,-58.39383209999994",Heliport,Heliport
COLLECT10134747317,"6.234999999316423\,-75.572778",Hospital General De Medellin Heliport,Hospital General De Medellin Heliport
COLLECT10134745084,"6.935058899505076\,-71.15721079999997",Helipuerto,Heliport
COLLECT10134745980,"6.2469439993153895\,-75.576389",Fundicion Escobar Heliport,Casting Escobar Heliport
COLLECT10134747749,"6.932936799505173\,-71.16410129999997",Helipuerto,Heliport
COLLECT10134984940,"24.708516099697338\,-77.7725306",Heliport,Heliport
COLLECT10134230071,"18.539682999436774\,-72.31070279999994,Haiti",2010 Haiti Earthquake Recovery : Helio LZ,2010 Haiti Earthquake Recovery : Helio LZ
COLLECT10133954783,"-38.64810000029945\,-70.6775",Estancia Haychol Heliport,Stay Haychol Heliport
COLLECT10133987049,"4.92264529962654\,-52.32171319999998",H√©liport,Heliport
COLLECT10135890116,"14.01889719933159\,-61.000320199999976",Helicopter Port,Helicopter Port
COLLECT10136217605,"-0.1832158999851845\,-78.50556109999997",Hospital de la Policia,Police hospital
COLLECT1013756235,"16.91611459938254\,-89.86504709999997",Helipuerto,Heliport
COLLECT10133954818,"-24.770299999786584\,-65.49559999999997",Finca Las Costas Heliport,Finca coasts Heliport
COLLECT101317703052,"-22.748623399634806\,-46.685905599999955",Hotel Canto da Floresta Heliport,Hotel Canto da Floresta Heliport
COLLECT101320410466,"-19.675832699483493\,-46.90388869999998",CBMM Heliport,CBMM Heliport
COLLECT101325142116,"4.827773399632875\,-53.287458999999956",H√©liport,Heliport
COLLECT101329419777,"9.65999984618729\,-71.6449966430664",Lamargas  Heliport,Lamargas  Heliport
COLLECT101327227891,"-34.62500000011866\,-58.60169999999994",Campanopolis Heliport,Campanopolis Heliport
COLLECT101335207610,"-34.281971000135535\,-54.05258429999997",Manantial Molinos,Mills Spring
COLLECT101336167011,"-4.550278186275584\,-65.56722259521484",Porto Moura Heliport,Port Mc Heliport
COLLECT101336167522,"-21.22944450313481\,-47.79527664179999",Colina Verde Heliport,Colina Verde Heliport
COLLECT101336166673,"-23.563888549322506\,-46.655277252197266",Banco Induscred Heliport,Banco Induscred Heliport
COLLECT101336066168,"-23.514722823610548\,-46.73833465576173",Tranportadora Americana Heliport,Tranportadora Americana Heliport
COLLECT101336167206,"-29.932777399998816\,-51.18333439999998,Fatima Heliport",Nossa Senhora de F√°tima Heliport,Our Lady of Fatima Heliport
COLLECT101336356765,"-20.70472145010206\,-47.88083267211914,Place Santa Catarina Heliport",S√≠tio Santa Catarina Heliport,Place Santa Catarina Heliport
COLLECT101336361619,"-25.448688399780437\,-49.24416449999995",Valmor Weiss Heliport,Valmor Weiss Heliport
COLLECT101336782116,"-23.56611061047994\,-46.651668548583984",Cyk Heliport,Cyk Heliport
COLLECT101338234419,"-23.887777327797327\,-46.427776336999955",Refinaria Presidente Bernardes Heliport,Refinery President Bernardes Airport
COLLECT101336289496,"-23.590833663460476\,-46.70333480834961,Garden City Hospital Heliport",Hospital Cidade Jardim Heliport,Garden City Hospital Heliport
COLLECT101336357696,"-21.00805663994344\,-47.65861129760743",Gota Dourada Heliport,Golden Drop Heliport
COLLECT101338670252,"-22.970556299646642\,-47.29888919999996,Brazil Airport",Al√¥ Brasil Heliport,Hello Brazil Airport
COLLECT101338670400,"-8.057499884733403\,-34.87055587768555",Frei Caneca Heliport,Frei Caneca Heliport
COLLECT101338669554,"-14.574819899336257\,-49.96800229999996,Sierra Grande",Heliponto Minera√ß√£o Serra Grande,Helipad Mining Sierra Grande
COLLECT101338669740,"-23.002222060571217\,-44.35333251953125",Tangu√° Heliport,Tangu√° Heliport
COLLECT101338669337,"-23.57781329967926\,-46.69424079999993",Heliponto (Helipad),Helipad (Helipad)
COLLECT101337798967,"19.298591999200898\,-99.183196",Plaza Cuicuilco Heliport,Plaza Cuicuilco Heliport
COLLECT101338765090,"8.239999770280267\,-62.86666870117188",Planta Sisor II  Heliport,Planta Sisor II Heliport
COLLECT101316112086,"-23.007778167197646\,-43.44694519042969",Recreio Heliport,Playground Heliport
COLLECT101316108916,"-22.424999199617748\,-42.97999949999996",Hospital S√£o Jos√© Heliport,St. Joseph Hospital Heliport
COLLECT101316106961,"-23.523611068240154\,-46.66194534301758",Rede Record Heliport,Rede Record Heliport
COLLECT101320409588,"-23.154166666184786\,-46.77972222219999",Elisa Heliport,Elisa Heliport
COLLECT101317707724,"-23.00873753364873\,-43.44509959199996",Heliporto Recreio,Recreational Heliport
COLLECT101317702881,"-22.970277785724914\,-43.209999084472656,Rio de Janeiro City Hall Heliport",Prefeitura do Rio de Janeiro Heliport,The Rio de Janeiro City Hall Heliport
COLLECT101317704813,"-23.90949229969718\,-46.167242399999964",Heliport,Heliport
COLLECT101317705401,"-3.2202779997468847\,-39.255832699999985",Ilha Verde Heliport,Green Island Heliport
COLLECT101317708400,"-16.619573032374348\,-49.347556231999924",Dari Helic√≥pteros,From Helic√≥pteros
COLLECT101320408888,"-23.59861183118571\,-46.69388961791992",Attilio Tinelli Heliport,Attilio Tinelli Heliport
COLLECT101320479217,"9.806667326955395\,-63.60499954223633",Caicara de Matur√≠n  Heliport,Caicara de Matur√≠n Heliport
COLLECT101316958587,"-5.865513099566298\,-35.18057769999996",Heliporto,Heliport
COLLECT101316959608,"-5.3824999993947955\,-36.821944",Termoa√ßu Heliport,Termoa√ßu Heliport
COLLECT101318774754,"19.35741099920465\,-99.197744",Corporativo 261 Heliport,Corporate 261 Heliport
COLLECT101348076,"-27.770799999834225\,-64.2278",Pernigotti Heliport,Pernigotti Heliport
COLLECT101353176,"-37.995143800178695\,-57.60093609999995",Helipuerto,Heliport
COLLECT101348270,"-34.405000000115066\,-58.86309999999997",Las Chacritas Heliport,Las Chacritas Heliport
COLLECT101353403,"-32.06000000012841\,-64.7794",Roca Heliport,Roca Heliport
COLLECT101347960,"-35.058300000250355\,-58.7883",Ca√±uelas Gas SA Heliport,Ca√±uelas Gas SA Heliport
COLLECT10134573316,"15.453332899565886\,-88.02194209999998",Publigraficos Heliport,Publigraficos Heliport
COLLECT10134747305,"6.736553846515838\,-71.32169723499999",Helipuerto CRC,CRC Heliport
COLLECT10134230046,"18.554333899437367\,-72.35062619999997,Haiti",Improvised Heliport (2010 Haiti Earthquake),Improvised Heliport (2010 Haiti Earthquake)
COLLECT10133954637,"-38.03794780017886\,-57.53867739999998",Helipuerto,Heliport
COLLECT10133954531,"-34.564822300164735\,-58.40875859999994",54,54
COLLECT10134999853,"-33.46194770011688\,-70.54897949999997",Aerodromo Eulogio Sanchez,Airfield Eulogio Sanchez
COLLECT10134999925,"-33.46166610735304\,-70.7147216796875",Mercedez Benz Heliport,Mercedez Benz Heliport
COLLECT10133213223,"18.456999999433673\,-72.53299999999996",La Tournelle/Zoranje,La Tournelle / Zoranje
COLLECT101327228817,"-40.16220000029237\,-70.3917",Transener S.A. Heliport,Transener S.A. Heliport
COLLECT101324582046,"14.081381299332028\,-87.16815799999995",Econo Rent a Car,Econo Rent a Car
COLLECT101324581952,"15.446046421348647\,-88.02173615699996",Helipuerto Volar,Fly Heliport
COLLECT101333561409,"19.593755399480038\,-99.01947349999995","Hospital ""Las Am√©ricas""","Hospital ""The Americas"""
COLLECT101338667940,"-22.44021569961855\,-47.69845249999997",SJBI - Heliporto EDRA - Ipe√∫na,SJBI-Heliport EDRA-Ipe√∫na
COLLECT101338397314,"-22.909166335524702\,-43.178890228271484",Edif√≠cio Torre Almirante Heliport,Admiral Tower Building Heliport
COLLECT101338669084,"-23.28388979966344\,-47.26610949999997",Kia Heliport,Kia Heliport
COLLECT101338667928,"-22.673055599630818\,-43.28388979999993",Hospital Estadual Ad√£o Pereira Nunes Heliport,Adam Pereira Nunes State Hospital Heliport
COLLECT101338668509,"-23.412778899670403\,-47.42555619999996",Pirelli Eden Heliport,Pirelli Eden Heliport
COLLECT101336166279,"-25.68400909979303\,-54.439893799999936",Helipad,Helipad
COLLECT101336167092,"-22.96022768164614\,-43.40595320999996",Heliponto do Projac,Helipad of Projac
COLLECT101336289280,"-23.07406999965218\,-47.08674789999998",Fazenda Quilombo Heliport,Quilombo Farm Heliport
COLLECT101336772179,"-23.709444045686404\,-47.42555618299997",Jimenez Heliport,Jimenez Heliport
COLLECT101336066098,"-19.95972249949613\,-44.11750029999997",Sada,Now
COLLECT101329374428,"-32.22945880008237\,-64.43995629999995",Helipuerto,Heliport
COLLECT101334105846,"10.475099599364487\,-66.76989749999996,Florida Hill  Heliport",Florida Hill  Heliport,Florida Hill  Heliport
COLLECT101329344114,"8.97124359941165\,-79.52595379999997",Helipad,Helipad
COLLECT101328098017,"18.447861099433336\,-69.94544759999997",Helipuerto Torre Caney,Torre Caney Heliport
COLLECT101338765596,"9.53666686920459\,-69.2249984741211",Aerot√©cnica  Heliport,Aerot√©cnica Heliport
COLLECT101338669997,"-5.826110839196937\,-35.223609924316406",Pol√≠cia Federal Heliport,Federal Police Heliport
COLLECT101336167673,"-23.55274369967792\,-46.63121759999996",Heliponto,Heliport
COLLECT101336168977,"-23.614794899681222\,-46.696800399999965",Rede Globo Heliport,Rede Globo Heliport
COLLECT101336360439,"-8.033354299450567\,-34.87069889999998",Lazzuli Heliport,Lazzuli Heliport
COLLECT101336166498,"-23.185959999430374\,-44.65875",Mantimento Island Heliport,Keeping Island Heliport
COLLECT1013186262,"-26.061555599781936\,-67.40673349999997",Helipuerto,Heliport
COLLECT1013185638,"-34.53310000023443\,-58.971399999999996",Sol De Agosto Heliport,Sol De Agosto Heliport
COLLECT101346361,"-34.60060000023664\,-58.84140000000001",Country Club San Diego Heliport,Country Club San Diego Heliport
COLLECT101346410,"-34.58580000023615\,-58.3681",Fuerza A√©rea(Edificio C√≥ndor) Heliport,Force A√©rea(Edificio C√≥ndor) Heliport
COLLECT101346781,"-25.6130561997541\,-54.39805599999995",Helisul IV Heliport,Helisul IV Heliport
COLLECT1013185918,"-34.37830000022933\,-58.7883",Caba√±a San Isidro Labrador Heliport,Caba√±a San Isidro Labrador Heliport
COLLECT1013186126,"-33.667320300142144\,-61.46509379999998",MELINCUE RESORT,MELINCUE RESORT
COLLECT101347630,"-34.598699970165534\,-58.376701258999965",Helicenter Grupo Modena (SAME),Helicenter Grupo Modena (SAME)
COLLECT10132265343,"13.701225499330105\,-89.21921969999997",Helipuerto IPSFA,IPSFA Heliport
COLLECT10134999906,"-33.438769300116256\,-70.64012779999996",Ministerio de Defensa,Ministry of Defence
COLLECT10134999921,"-33.43638992327004\,-70.64360809326172",Torre Interamericana Heliport,Inter-American Tower Heliport
COLLECT10135500013,"21.920827299591583\,-80.02783719999996",Topes de Collante,Collator stops
COLLECT10135458983,"44.74169921893186\,-79.91439819335938,Midland",Midland (Huronia District Hospital) Heliport,Midland (Huronia District Hospital) Heliport
COLLECT10134746369,"10.413954499366021\,-75.54764219999998",Helipuerto,Heliport
COLLECT10134746054,"4.625832999469691\,-73.875556",Helitaxi Heliport,Helitaxi Heliport
COLLECT10136217409,"-2.731667041418169\,-80.24583435058594",Posorja Heliport,Posorja Heliport
COLLECT10134746687,"4.646388999645121\,-74.09749999999997",Caja De Vivienda Militar Heliport,Housing box military Heliport
COLLECT1013186084,"-25.517414299748093\,-67.61947969999994",Antofalla,Antofalla
COLLECT10133954697,"-26.061703199813067\,-67.40676369999994",Piste d'urgence pour h√©licoptere,Emergency track for helicopter
COLLECT10133954481,"-34.791746000242554\,-58.601936",Campanopolis Heliport,Campanopolis Heliport
COLLECT10133954804,"-34.49640000023337\,-58.6078",Timen S.A. Heliport,TIME SA Heliport
COLLECT10134747018,"5.69749999936498\,-76.665",Banco De La Republica Heliport,Banco De La Republica Heliport
COLLECT101314470348,"7.86361812645846\,-72.49904032899998",Helipuerto Brigada 30,Brigade 30 Heliport
COLLECT101315869638,"19.431036641472943\,-99.06446537299996,Mexico",Airbus Helicopters Mexico,Airbus Helicopters Mexico
COLLECT101316105096,"-25.44875079978045\,-49.24414249999995",Heliponto,Heliport
COLLECT101317708448,"-23.53397619967689\,-46.68830709999998,Helipad Hospital San Camilo",Heliponto Hospital S√£o Camilo,Helipad Hospital San Camilo
COLLECT101317705114,"-25.461389499781085\,-49.11111069999998",BS Colway Heliport,BS Colway Heliport
COLLECT101317709203,"-23.486572999511612\,-46.856843",Bradesco Previd√™ncia Heliport,Bradesco Previd√™ncia Heliport
COLLECT101316957652,"-23.593055699680153\,-46.852779399999974",Mediter√¢neo Heliport,Mediter√¢neo Heliport
COLLECT101327227996,"-34.4614000002321\,-58.5003",Club Nautico San Isidro Heliport,Club Nautico San Isidro Heliport
COLLECT101319820117,"20.75578899930002\,-100.317596",Centro de Datos Heliport,Data Center Heliport
COLLECT101319387053,"-22.774721145054386\,-41.9016685486",Amarras Heliport,Moorings Heliport
COLLECT101323905685,"-27.382573499881225\,-55.889346099999955",Helipuerto,Heliport
COLLECT101319387249,"-22.406458999616735\,-43.14684599999998",Heliponto Hotel Vale Real,Helipad Hotel Vale Real
COLLECT101319387345,"-23.03416633553471\,-44.20166778564453",Heligalo Heliport,Heligalo Heliport
COLLECT101319386831,"-23.595475399680186\,-46.68757729999993",Atrium VI.com Heliport,Atrium VI.com Heliport
COLLECT101324581860,"15.508610724427388\,-88.01944732666017",Ficohsa Heliport,Ficohsa Heliport
COLLECT1013186043,"-38.77412260014967\,-62.29400299999998",DOW S.A. Heliport,DOW S.A. Heliport
COLLECT101347844,"-34.577222900141514\,-58.38382449999995",Heliport,Heliport
COLLECT101346902,"-29.460599999982282\,-59.76359999999995",Transener S.A. Heliport,Transener S.A. Heliport
COLLECT101346965,"-34.91360000024618\,-58.722199999999994",Transener S.A. Heliport,Transener S.A. Heliport
COLLECT10133213290,"18.53517519943663\,-72.29230159999997,Canada",Ambassade du Canada,Embassy of Canada
COLLECT10132265387,"13.70266859933011\,-89.22564089999997",Anexo del Banco Agricola,Annex of the Agricultural Bank
COLLECT101320409939,"-22.965278624957932\,-43.1966667175293",Hospital Copa D`OR Heliport,Hospital Copa D`OR Heliport
COLLECT101320478266,"10.471667288780704\,-64.19000244140625",Evhelca  Heliport,Evhelca  Heliport
COLLECT101320410497,"-23.985555648306025\,-46.28444290161133",ICS - Guaruj√° Heliport,Ics-Guaruj√° Heliport
COLLECT101320407353,"-23.958392599699867\,-46.33085049999994",Heliponto Igreja Universal do Reino de Deus,Helipad Universal Church of the Kingdom of God
COLLECT101316958378,"-23.589439999519918\,-46.87917000000001",Industrial Estudantes Heliport,Student Industrial Heliport
COLLECT101317064476,"4.003237899689884\,-81.60555779999999",Helipuerto,Heliport
COLLECT101316957889,"-23.698888778215334\,-46.561668395996094",F√°brica de Motores Rolls Royce Heliport,Factory of engines Rolls Royce Heliport
COLLECT101315759646,"-32.50057800009061\,-71.45969679999996",Papudo Heliport,Papudo Heliport
COLLECT10134745324,"6.933495999505147\,-71.16423539999994",Helipuerto,Heliport
COLLECT101338233153,"-23.558055877217377\,-46.618610382099995",C.T.O Ita√∫ Heliport,CTO Ita√∫ Heliport
COLLECT101336779588,"-23.595570799680257\,-46.74501829999997",Helicentro Morumb√≠ Heliport,Helicentro Morumbi Heliport
COLLECT101336359768,"-22.984722136922368\,-43.23611068725586",Disco Heliport,Disco Heliport
COLLECT101336360241,"-23.63635309968244\,-46.64173189999997",Heliponto Elevado -  Torre Olavo Set√∫bal,Helipad high-tower Olavo Set√∫bal
COLLECT101336357044,"-22.909166335524702\,-43.178890228271484",Edise Heliport,Edge Heliport
COLLECT101336359424,"-23.48749919967439\,-46.857498199999945,Bradesco Alphaville Heliport",Bradesco Alphaville Heliport,Bradesco Alphaville Heliport
COLLECT101336778413,"-8.958888999412048\,-35.17861179999994",Miramar Maragogi Heliport,Miramar Maragogi Heliport
COLLECT101333557792,"21.146401999552413\,-98.40902999999997",Helipuerto Huejutla,Huejutla Heliport
COLLECT101338668156,"-23.534721399676936\,-46.874721499999964",Ecological Center Heliport,Ecological Center Heliport
COLLECT101338669856,"-9.748888999384787\,-35.82194519999996",Umuarama Heliport,Umuarama Heliport
COLLECT101338669209,"-20.979444503100495\,-48.44722366333008",Fazenda Santa Z√©lia Heliport,Fazenda Santa Z√©lia Heliport
COLLECT10134745181,"4.693332999462796\,-74.039444",Apotema Heliport,Apotema Heliport
COLLECT10134789207,"18.410594199431902\,-77.11684989999998,Ocho Rios Airport",Ocho Rios Heliport,Ocho Rios Airport
COLLECT10134745637,"6.200555999319457\,-75.57222200000001",Isa Medellin Heliport,Isa Medellin Heliport
COLLECT10134984870,"24.497928599683984\,-77.71866109999996",Heli Port,Heli Port
COLLECT10134984934,"24.33955279967396\,-77.68331769999998",Heli Port,Heli Port
COLLECT101318772086,"19.39424999920701\,-99.237194",Constituyentes Heliport,Constituent Heliport
COLLECT101318774870,"19.424392999472705\,-99.16351629999997",Helipuerto SSP Liverpool,Helipuerto CNS Liverpool
COLLECT101319392130,"-19.465833663111653\,-39.75833129880001",Unidade de Tratamento de G√°s de Cacimbas (UTCG) Heliport,Gas treatment unit located at Cacimbas (UTCG) Heliport
COLLECT101319388241,"-8.432156269433158\,-34.98060715199995",Nannai - Heliponto,Nannai-Helipad
COLLECT101319383238,"-22.91194399946538\,-43.208333",CCN Torre Norte Heliport,CCN Torre Norte Heliport
COLLECT101319383117,"-23.538230499677137\,-46.35852809999994",Hospital Dr.Os√≠ris Florindo Coelho Heliport,Hospital Dr. Osiris In Blossom Rabbit Heliport
COLLECT101327952959,"9.970266499378141\,-84.37188189999995",Helipuerto,Heliport
COLLECT101323905265,"-38.774200000299444\,-62.29390000000001",Polisur S.A. Heliport,Polisur S.A. Heliport
COLLECT101316104675,"-23.548055648320272\,-46.63611221313476",Unibanco Patriarca Heliport,Unibanco Patriarch Heliport
COLLECT101317708025,"-22.486883999431605\,-44.257678000000006",Pedreira Pombal Fazenda Recanto Heliport,Pombal Farm Quarry Corner Heliport
COLLECT101317708531,"-23.50805664013834\,-46.83610916137695",RS Morizono Heliport,RS Morizono Heliport
COLLECT101326878757,"-33.41666793840599\,-70.60388946533205",Edificio Torre San Ram√≥n Heliport,Building Tower San Ramon Heliport
COLLECT101326658274,"-29.262792799975074\,-65.05831609999996",Recreo / Transener S.A. Heliport,Recreo / Transener S.A. Heliport
COLLECT10136147273,"-6.227228899468891\,-35.0500229",Porto de Pipa,Port of Pipa
COLLECT10136147228,"-7.952637607215542\,-35.017155042938704","Aberlado bastos\, Camaragibe\, PE","Aberlado bastos\, Camaragibe\, PE"
COLLECT10136141459,"-0.6001596999355193\,-80.4218592",Peque√±o muelle 3;Bahia De Caraquez,Small spring 3; Bah√≠a De Car√°quez
COLLECT101315171555,"11.039817942739926\,-74.82115329720163",Muelle Cormagdalena,Spring Cormagdalena
COLLECT1013106313,"21.270064999484966\,-89.69466",EZ St. Marina,EZ St. Marina
COLLECT1013106350,"19.166806186934718\,-96.21333005882485,Veracruz",Puerto de Veracruz,Port of Veracruz
COLLECT1013106157,"22.24360012436438\,-97.87862663918557",Club De Regatas Corona,Club De Regatas Crown
COLLECT1013106090,"21.27258279637975\,-89.69723439962566",Marina Torre 3,Marina Torre 3
COLLECT1013106011,"20.627885256104253\,-87.06684142455903",Muelle Constituyentes,Constituent Pier
COLLECT1013106281,"24.1837638996641\,-110.30249820000002",Marina Palmira,Marina Palmira
COLLECT1013106223,"24.65773021794193\,-107.97944191372471",Marina Isla Cortes,Marina island courts
COLLECT1013551395,"13.00035431757326\,-87.49621632483198",Golfo de Fonseca,Gulf of Fonseca
COLLECT1013106352,"22.253308678781707\,-97.83554972399655",Gimnasio Atlantis,Atlantis fitness center
COLLECT1013106057,"19.046604390461685\,-96.0975947903019",I'm On A Boat,I'm On A Boat
COLLECT1013106243,"20.842042899845833\,-86.8815941",Puerto Morelos,Puerto Morelos
COLLECT1013106102,"19.718411287420857\,-96.40172703416418,Port Laguna Verde",Puerto Laguna Verde,Port Laguna Verde
COLLECT1013106234,"22.446176304066633\,-97.88701835405772",Puerto Industrial Altamira,Port Industrial Altamira
COLLECT10132569574,"8.407465299811399\,-78.1383491,Puerto La Palma",puerto La palma,Puerto La Palma
COLLECT10132569593,"9.164616059350605\,-79.83629486781946,Isla Barro Colorado",Puerto de Isla Barro Colorado,Port of Isla Barro Colorado
COLLECT10132569597,"9.363463099196595\,-79.89496749999999",Club N√°utico Caribe,Caribbean Sailing Club
COLLECT10132569598,"8.86238129980526\,-79.6712601",Puerto de Vacamonte,Puerto de Vacamonte
COLLECT10135539855,"-34.10692214981211\,-71.53633117675781",Lo Boisset,Lo Boisset
COLLECT10135539886,"-32.2381500811007\,-71.513128503021",Centro de Buceo Veceka,Diving Center Veceka
COLLECT10135539781,"-32.99032600012201\,-71.54681700000002",Marina Restonbar,Marina Restonbar
COLLECT10135539821,"-27.14520589984748\,-70.89189590000001",Atacamabuceo Dive Center,Atacamabuceo Dive Center
COLLECT10135561251,"9.988087958136886\,-83.03257388317273",Aspeci,Aspeci
COLLECT10135539861,"-38.74671173116665\,-72.95846557617188",Cendyr N√°utico,Nautical Cendyr
COLLECT10134862680,"18.269821166323258\,-76.7637481689453",Annotto Bay,Annotto Bay
COLLECT10133617982,"18.1790699993272\,-76.45123",Port Antonio,Port Antonio
COLLECT10135156567,"-32.50412181358493\,-71.45102200354687",Club de Yates Papudo,Club de Yates Papudo
COLLECT10135561279,"9.823343999279588\,-84.92829900000001",Cancha Sintetica Paquera,Court synthetic Paquera
COLLECT10135718827,"12.169309499778334\,-61.728003599999994",Jetty,Jetty
COLLECT10135539796,"-33.5824481546963\,-71.61395072937012,Port San Antonio",Puerto San Antonio,Port San Antonio
COLLECT10135156589,"-33.585592037330535\,-71.61313223324348,Puertecito San Antonio",Puertecito San Antonio,Puertecito San Antonio
COLLECT10135836445,"8.190570999350797\,-59.797830000000005",Kumaka,Kumaka
COLLECT10135706064,"14.009751999777171\,-60.99601710000001",Ferry Terminal,Ferry Terminal
COLLECT10135606930,"8.915115131980802\,-79.5285397173588",Brisas de Amador,Brisas de Amador
COLLECT10135606931,"8.981187088022814\,-79.57029545163871",Panama Ports,Panama Ports
COLLECT10135706067,"14.075477997805567\,-60.94824368978174",Rodney Bay Marina,Rodney Bay Marina
COLLECT10136147489,"-23.217628025575348\,-44.726671817712756",Marina Perequ√™-A√ß√∫,Perequ√™-A√ßu Marina
COLLECT10136147218,"-9.840609548325348\,-35.907591430836185",Marina Barracuda,Marina Barracuda
COLLECT10136172788,"-33.192361300128304\,-71.7017665",Muelle,Spring
COLLECT10136147146,"-20.29895884098165\,-40.288990612170295",Iate Clube do Esp√≠rito Santo,The Esp√≠rito Santo yacht club
COLLECT10136141518,"-3.2580519361325897\,-79.98679215388455",Machala Yatch Club,Machala Yatch Club
COLLECT10136147399,"-12.978608493895782\,-38.52071907631836,Bahia Marina",Bahia Marina,Bahia Marina
COLLECT10136141497,"-2.1859426399394093\,-80.0048751386748",Puerto Seymur,Puerto Seymour
COLLECT10136147602,"-28.49025175716361\,-48.78604058782779,Laguna",Iate Clube de Laguna,Yacht Club of Laguna
COLLECT10136147248,"-3.719758999661947\,-38.465561",Multilog,Multilog
COLLECT10136172889,"-33.0254091999271\,-71.58349633150561",C√≠rculo de Submarinistas,Circle of divers
COLLECT10136147209,"-5.575557997567652\,-35.238318708285014",Sky bunda,Sky jacket
COLLECT10136147562,"-2.5715952467702663\,-44.204030178771795",Porto da Vov√≥,Grandma's port
COLLECT10136172798,"-33.027330176692665\,-71.5778343285435",Yatch Club De Chile,Yatch Club De Chile
COLLECT10136147318,"-22.7714392264982\,-43.40835767217602",TMM - Porto Seco Nova Igua√ßu,TMM-Dry Port Nova Igua√ßu
COLLECT10136147195,"-22.970453299587824\,-42.0175895",Marina da Praia dos Anjos,Marina da Praia dos Anjos
COLLECT10136147240,"-6.967280526325304\,-34.86165761947632",Estaleiro de Docagens Pedra do Ing√°,Docagens Ing√° stone yard
COLLECT10136147063,"-8.239104217999408\,-34.937523258109096",Marina Dos Coqueiros,Marina Dos Coqueiros
COLLECT10136147096,"-27.005568613388046\,-48.60317985178648",Navio Pirata,Pirate Ship
COLLECT10136147667,"-25.875236820069137\,-48.58664309298528",Enamar - Marina N√°utica,Enamar - nautical Marina
COLLECT10135599294,"19.83036263518355\,-70.76695266361745",Amber Cove Cruise Terminal,Amber Cove Cruise Terminal
COLLECT10136277815,"23.55857045103846\,-75.27143148083059",Stella Maris Marina,Stella Maris Marina
COLLECT10136277788,"25.07515875899327\,-77.43011754032922,Sandyport Marina Village",Sandyport Marina Village & Resort,Sandyport Marina Village & Resort
COLLECT10136147579,"-12.94930618183451\,-38.43441819757811",Gabigem,Gabigem
COLLECT10136147122,"-24.173299623866313\,-46.81860573444814,Curitiba",Marina Curitiba,Marina Curitiba
COLLECT10136172847,"-35.329048800180324\,-72.40674990000001",Muelle Recreacional,Spring recreational
COLLECT1013852398,"18.064500999806413\,-63.08698",Port la Royale Marina,Port Royal Marina
COLLECT1013852396,"18.05555799980629\,-63.014943",Marina Captain Oliver,Marina Captain Oliver
COLLECT1013852406,"18.17168969923074\,-63.0932267",Blowing Point Ferry Terminal,Blowing Point Ferry Terminal
COLLECT1013106136,"23.6059189795758\,-109.5854012732419",Puero La Ribera,La Ribera boy
COLLECT1013106309,"21.07981629939884\,-86.77697760000001",Marina del Rey,Marina del Rey
COLLECT10133724833,"12.003617099115655\,-61.72452560000001",Le Phare Bleu,The blue lighthouse
COLLECT10133724839,"12.007325799973247\,-61.765034284520205",Spice Island Marine Services,Spice Island Marine Services
COLLECT10133724856,"11.998373199115735\,-61.758819200000005",Prickley Bay Marina,Prickley Bay Marina
COLLECT10133540907,"13.45298651635482\,-87.4534523046667",San Lorenzo,Saint Lawrence
COLLECT10133617958,"18.036249092286045\,-76.81202741119185",Pennant drive,Pennant drive
COLLECT10133617984,"17.982233834180626\,-76.82208600334891",APM Terminals Of Ja,APM Terminals Of Ja
COLLECT10139462689,"9.556237499289463\,-79.6548882",Muelle de Portobelo,Spring of Portobelo
COLLECT10139462642,"8.970222151824732\,-79.52874832407761",Club De Yates,Yacht Club
COLLECT10139462648,"9.448281599293658\,-78.97185509999998",Puerto Terminal Barsukan,Puerto Terminal Barsukan
COLLECT101317724793,"10.96195213503008\,-63.82796499092265",Embarcadero La Caracola,Embarcadero La Caracola
COLLECT101322883636,"18.445159099338685\,-73.09063580000002",Port de Mirago√¢ne,Port of Mirago√¢ne
COLLECT101328017860,"13.095984199217865\,-59.61588550000001",Careenage,Careenage
COLLECT101331260407,"5.824667599496965\,-55.1552192",Platte brug,Flat use
COLLECT101331985341,"-23.644278493855776\,-70.39914608001709",Club de Yates,Yacht Club
COLLECT101331673973,"18.428118299337914\,-70.01144090000001",Club Nautico Haina,Haina Nautical Club
COLLECT101327961295,"20.022315499415456\,-75.83739890000001",Terminal de Cruceros,Cruise Terminal
COLLECT101327874062,"-23.996712699602664\,-46.3000867",Sede N√°utica (C.I.R.),Headquarters Nautica (C.I.R.)
COLLECT101327874289,"-2.53196239447991\,-44.1637077331543",Felicidade,Happiness
COLLECT101315357854,"-7.774888969232947\,-34.898188659077455",Cais de Itapissuma,Pier of Itapissuma
COLLECT101315357996,"-22.96513305905369\,-44.307460447942894",BR Marinas Ribeira,BR Marinas Ribeira
COLLECT10139462676,"8.993955287849507\,-79.49956620105695",FFA Panama,FFA Panama
COLLECT10139462669,"8.921044999315763\,-78.539162,Panama Canal",On the way to Panama Canal,On the way to Panama Canal
COLLECT101320949744,"10.534113199787662\,-63.79878220000001,Medregal Village",Medregal Village,Medregal Village
COLLECT101316623803,"-34.9638759928624\,-54.9490819800923",Puerto de Punta Del Este,Port of Punta del Este
COLLECT1013306495,"15.667044999244775\,-88.1611351",La Marina de Gil,Marina Gil
COLLECT1013106245,"22.40341089987221\,-97.9486084",Altamira,Altamira
COLLECT1013106149,"16.83085944791067\,-99.86504960365798",La Marina,The Navy
COLLECT1013106185,"21.25087547250628\,-89.82280731201172",Capitania de Puerto Chivarme Yucat√°n,Harbourmaster tattle me Yucatan
COLLECT1013106248,"18.526666062868024\,-92.63658105827851",Puerto De Frontera,Border port
COLLECT1013106285,"25.598012308182735\,-109.06011245898486",Marina Club,Marina Club
COLLECT1013106227,"24.2181827558876\,-110.30284808466999",Marina Costa Baja,Marina Costa Baja
COLLECT1013106162,"16.86161334850034\,-99.75392003736202,Acapulco",Puerto De Acapulco,Port of Acapulco
COLLECT1013106168,"22.216902999541354\,-97.8394482",Protamsa,Of course
COLLECT1013106129,"20.469797451557344\,-86.97601318359375",La Caleta,La Caleta
COLLECT1013106020,"19.202360152572016\,-96.13416290283203",Barco Atl√°ntis,Atlantis boat
COLLECT1013106180,"16.843463274266966\,-99.9097960519634",Paseo Del Pescador,Paseo del Pescador
COLLECT1013106328,"16.8598764331588\,-99.84870564867876",muelle fiesta bonanza,Spring party bonanza
COLLECT1013106026,"21.183743446033564\,-86.80747251330062,Canc√∫n",Gran Puerto Canc√∫n,Gran Puerto Canc√∫n
COLLECT1013551386,"11.460872350098539\,-85.78961669990237,Muelle de San Jorge",Muelle de San Jorge,Muelle de San Jorge
COLLECT10132569581,"8.958159851883245\,-79.58285464255799",Psa terminal,Psa terminal
COLLECT10132569569,"9.358144099799214\,-79.88192049999999,Manzanillo",C2 - „Éó„Ç®„É´„Éà„Éª„Éû„É≥„Çµ„Éã„Éº„Ç∏„Éß,C2-Puerto Manzanillo
COLLECT10133617994,"17.953970857022043\,-76.72535790004704",Danny's Marina,Danny's Marina
COLLECT10134599975,"13.922064032367143\,-90.80435297632201",The Fishing Spot,The Fishing Spot
COLLECT10134600000,"15.64981365128296\,-89.00158691406253",Aboard The Patron,Aboard The Patron
COLLECT10134862668,"17.964608061689027\,-76.7958318013701",Kingston Waterfront,Kingston Waterfront
COLLECT10134862703,"18.00200204278783\,-76.74287016883662",NaNni Hunting,NaNni Hunting
COLLECT10135156559,"-33.03029173634612\,-71.62944997058763",Molo de Abrigo,Molo shelter
COLLECT10135156585,"-32.78346662960367\,-71.52712091524002",Caleta QUINTERO,Caleta QUINTERO
COLLECT10135156502,"-29.98427430000111\,-71.3626385",Club de Yates,Yacht Club
COLLECT10136147353,"-32.03444362318792\,-52.109329522054885",Kyte Clube,Kyte Club
COLLECT10136147276,"-31.77923483513653\,-52.315164234470075",Veleiros Saldanha da Gama,Sailboats Saldanha da Gama
COLLECT10136147515,"-22.97213874524156\,-44.43776804015508",Marina Porto Frade,Marina Porto Frade
COLLECT10136172869,"-32.64896542934675\,-71.44062021363823",Caleta Pescadores Maitencillo,Caleta fishermen Maitencillo
COLLECT10136270087,"17.897832599217782\,-62.849958900000004",Autorit√©s portuaires,Port authorities
COLLECT10136141528,"-2.2516552997908055\,-79.92227630000001",Inarpi 2,Inarp 2
COLLECT10136147105,"-23.232924025811503\,-44.702687571245065",Marina 188,Marina 188
COLLECT10136141472,"-2.1849065997678174\,-79.8990916","Muelle Escuela De Canotaje ""Estero Salado""","Spring boating school ""Estero Salado"""
COLLECT10136172816,"-33.602766950786055\,-71.61067523297636",san antonio quinta region,san antonio quinta region
COLLECT10136141513,"-2.2185916744867753\,-80.922706068867",Puerto Luc√≠a Yacht Club,Puerto Lucia Yacht Club
COLLECT10136147510,"-12.953099477935162\,-38.50328207015991",Terminal Mar√≠timo de S√£o Joaquim,Sao Joaquim Ferry Terminal
COLLECT10136147506,"-27.36657089731861\,-48.556956138408616,Marina San Sebastian",Marina S√£o Sebasti√£o,Marina San Sebastian
COLLECT10136147296,"-26.20422021977607\,-48.79523912431283",Marina Nass,Marina Nass
COLLECT10136147244,"-32.02990771455648\,-52.09227792614943",Porto Velho,Talkha
COLLECT10136141486,"-2.1525029638202215\,-80.79307677728704",Punta Blanca Marina & Club,Punta Blanca Marina & Club
COLLECT10136172891,"-35.33173730018041\,-72.40607030000001",Embarcaciones de recreo,Recreational craft
COLLECT10136147443,"-23.221357755303472\,-44.7095752339316",Pier,Pier
COLLECT10136147628,"-22.87737417586774\,-43.116185625132765,Niteroi",Porto de Niter√≥i,Port of Niteroi
COLLECT10136147442,"-12.739657214105048\,-38.76641812348122,Saubara",Porto de saubara,Saubara port
COLLECT10136147622,"-9.663795288472462\,-35.701503453051345,Macei√≥ South",Orla de Macei√≥ Sul,The edge of Macei√≥ South
COLLECT10135156592,"-23.637343900453388\,-70.39537760257848",terminal enex,terminal enex
COLLECT10135156617,"-33.02553861160003\,-71.58241796616083",Hermandad de la Costa Nao Valpara√≠so,Brotherhood of the coast Nao Valparaiso
COLLECT10135599346,"18.701725580147777\,-68.43823838820838",Booze Cruise,Booze Cruise
COLLECT10136147070,"-12.991433146979036\,-38.52566843846285",Vit√≥ria Marina,Victoria Marina
COLLECT10136147267,"-26.909110999833494\,-48.64609500000001",Marina Patricio,Marina Patricio
COLLECT10136147509,"-9.675038351800385\,-35.72045958736199",Campo de voo Brisa - Tome ferrostal,Flight field Breeze-Take ferrostal
COLLECT10136147533,"-12.971741720955345\,-38.51452495453383,Bahia",Terminal N√°utico da Bahia,Nautical terminal of Bahia
COLLECT10136147459,"-32.1611742784133\,-52.0982065082323",Molhes Da Barra (alto mar),Piers of the bar (high seas)
COLLECT10136147640,"-23.97709281711083\,-46.39788181915876",Marinas - Rua Jap√£o,Marinas-Japan Street
COLLECT10136141464,"-2.478450516220013\,-80.12870201767205",Puerto samabasa (Bajen),Puerto samabasa (down)
COLLECT10136147609,"-30.1488419223846\,-50.19172944548788",Plataforma de Salinas,Salinas platform
COLLECT10136147283,"-26.16978951474371\,-48.59868411777991",ACapri,Acapri
COLLECT10136147336,"-8.209311558771832\,-34.919000052842286",marina ara√ßanga,Marina ara√ßanga
COLLECT10136147539,"-9.631394650677741\,-35.737141370773315",Bela Mar 2,Bela Mar 2
COLLECT10136172882,"-33.591555950227445\,-71.61298736343925,San Antonio",San Antonio,San Antonio
COLLECT10136172811,"-33.58008884299914\,-71.61046082408875",Centenario,Centenary
COLLECT10136147130,"-3.8036983576375896\,-38.56363038001829,Alagoas,Maceio","Costa de Maceio\, Alagoas.","Coast of Maceio\, Alagoas."
COLLECT10135599622,"15.582827999783687\,-61.4718217",Cabrits Cruise Ship Berth,Cabrits Cruise Ship Berth
COLLECT10135561286,"8.621447506572602\,-83.15170109782954",Fishhook,Fishhook
COLLECT10135561285,"9.703280669944697\,-84.65949411654573",Marina Punta Leona,Marina Punta Leona
COLLECT10135539831,"-39.81525219829464\,-73.2492501768923",Embarcadero TFS,Embarcadero TFS
COLLECT10135561277,"9.97963649927416\,-84.82130890000002",Inversiones Cruz,Investments cross
COLLECT10135539881,"-18.480397516808214\,-70.32965209970986,Arica",Club de Yates de Arica,Yacht Club of Arica
COLLECT10135156532,"-23.089539678594935\,-70.41602610826622",Puerto y Terminal Mejillones,Port and Terminal mussels
COLLECT10135606974,"8.95682529980405\,-79.57998110000001",PSA Panama International Terminal,PSA Panama International Terminal
COLLECT10135599309,"18.420725599337594\,-70.01690020000001,Rio Haina",Puerto de Rio Haina,Port of Rio Haina
COLLECT10135599337,"18.21265870055438\,-70.54505825042725",Marinas Las Salinas,Marine salt
COLLECT10135539810,"-33.36277230035428\,-71.67192683984783",Club de Yates de Algarrobo,Algarrobo Yacht Club
COLLECT10135606944,"9.092689374336587\,-79.68255043029785",Bas Obispo Reach,BAS Bishop Reach
COLLECT10135599320,"19.318842635885595\,-69.55648458520714",Las Terrenas Sailing Club,Las Terrenas Sailing Club
COLLECT10135599304,"19.826356999405203\,-70.778694,Puerto Plata","Puerto Nautico\, Puerto Plata","Puerto Nautico\, Puerto Plata"
COLLECT10133317572,"12.16310699922425\,-86.275321",crucero momotombito,Cruiser momotombito
COLLECT10133317595,"12.394019299110665\,-83.72470750000001",Kahkabila,Kahkabil to
COLLECT10135539850,"-32.13534177910095\,-71.52952634789646",Club de Yates Pichidangui,Club de Yates Pichidangui
COLLECT10135561282,"10.008653871339135\,-83.06102593643868",Portete,Portete
COLLECT10136277794,"26.493660199945253\,-78.6832147",Freeport Container Port Limited,Freeport Container Port Limited
COLLECT10136173883,"18.064856999322398\,-63.08726020000001",Marina Royale,Marina Royale
COLLECT10136147052,"-1.371129668828999\,-48.38295003924646",Porto Palmera√ßo,Port Palmera√ßo
COLLECT10136147500,"-8.727534388164663\,-35.096093349506916",Marina dos Carneiros,Marina of sheep
COLLECT10136172786,"-33.03799017458138\,-71.62750300929049,Port Valparaiso",Puerto Valparaiso,Port Valparaiso
COLLECT10136147649,"-20.321523550606173\,-40.289687842633654",Porto Capuaba,Port Capuaba
COLLECT10136141499,"-2.200316247594593\,-80.9742398066924",Salinas Yacht Club,Salinas Yacht Club
COLLECT10136147037,"-3.834058999602571\,-32.402008800000004",Porto Santo Ant√¥nio,Porto Santo Ant√¥nio
COLLECT10136277828,"25.709627097949383\,-79.30027783429469,Bimini Sands",Bimini Sands,Bimini Sands
COLLECT10135156507,"-33.39418013528025\,-71.69845547571798",Club De Yates el Quisco,Yacht Club el Quisco
COLLECT10135156490,"-35.81563650018846\,-72.5851803",Caleta Pelluhue,Caleta Pelluhue
COLLECT10135156530,"-32.13471281008266\,-71.53046533155113",Club de Yates de Pichidangui,Club de Yates of Pichidangui
COLLECT10134862685,"17.90594272345342\,-77.09612031300364",Old Harbour Bay,Old Harbour Bay
COLLECT101328765542,"-34.83963660019526\,-57.922185400000004",Marina 5,Marina 5
COLLECT101328643720,"26.54654139975778\,-77.0515419",Conch Inn & Marina,Conch Inn & Marina
COLLECT101331136953,"23.184240499601117\,-81.1740738",Marina Chapel√≠n,Marina Chapel√≠n
COLLECT101324367671,"13.402561399776484\,-87.4260235",Bocas del Henecan,Mouths of the Henec√°n
COLLECT101332284346,"9.979610481226931\,-84.83428407291682",Calypso Cruises,Calypso Cruises
COLLECT101331673997,"19.832576358966886\,-70.77421761751269",Amber Cove Cruise Terminal,Amber Cove Cruise Terminal
COLLECT101333968063,"10.205079899790505\,-64.66253499999999",Marina Puerto Viejo,Marina Puerto Viejo
COLLECT101338187020,"10.601178102288701\,-67.03235149383545",Banesco Canes,Banesco dogs
COLLECT101337214030,"-34.897011869269434\,-56.112893105084325",ACAL,Acal
COLLECT101332254455,"-1.3446556685058193\,-48.478622441591085",EASA - Estaleiros Amaz√¥nia S.A.,EASA-Amazon Shipyards S.A.
COLLECT101332254788,"-23.77643532370055\,-46.531712941134586",Marina e Restaurante A.W.R,Marina and Restaurant A.W. R
COLLECT101331260385,"5.82731771418794\,-55.144187927246094",MAS,BUT
COLLECT101331490473,"13.66939499921833\,-89.26413400000001",Nautica 503 Boats & Marine Accesories,Nautica 503 Boats & Marine Accesories
COLLECT101331674055,"19.885049654140072\,-70.96463235881463",Bah√≠a de Luper√≥n,Luperon Bay
COLLECT101332254357,"-3.208399699915948\,-52.2075271",Porto 6 Juliana Santos Emb.,Porto 6 Juliana Santos Emb.
COLLECT101332255003,"-27.008108577817808\,-48.6056945100235",Marina Vip,Marina Vip
COLLECT101338186920,"10.202325399790528\,-64.6642694",Puerto La Cruz,Puerto La Cruz
COLLECT101338186922,"10.226731853077672\,-64.6345713904109",Marina Venetur,Marina Venetur
COLLECT1013106253,"19.092976067203697\,-96.09952389270053",Marina El Recreo,Marine recreation
COLLECT1013106114,"20.662582032371407\,-105.25039672851562",Malec√≥n Marina,Waterfront Marina
COLLECT1013106082,"31.859911914148913\,-116.62387719603902",Malecon,Malecon
COLLECT1013106140,"16.840895332261137\,-99.90445998570081",Puerto de ACAPULCO,Port of ACAPULCO
COLLECT1013106289,"20.640087506027548\,-105.21476999598777",Ada Sailing,There Are Sailing
COLLECT1013106259,"20.65418639944987\,-105.2407498",Terminal mar√≠tima,Maritime Terminal
COLLECT1013106078,"16.847234999277283\,-99.85291",Wave Runner Hector,Wave Runner Hector
COLLECT1013106189,"19.72535207641803\,-96.41480469850724",Palapa CLV,Palapa CLV
COLLECT1013106384,"19.15391301108794\,-96.10830991916167",Marina Foy,Marina Foy
COLLECT1013106319,"22.452447762037266\,-97.89775674084142",OTM,OTM
COLLECT1013106052,"19.077338099819354\,-104.2912066",CAP JACKON,CAP JACKON
COLLECT1013106034,"16.83396499927687\,-99.852637",Emilly & Richard's Boat,Emily & Richard's Boat
COLLECT1013106220,"27.89887674989119\,-110.88125065,Guaymas",Puerto de Guaymas,Port of Guaymas
COLLECT1013106047,"23.198909949602047\,-106.40656505000001,Puerto Mazatlan",Puerto Mazatl√°n,Puerto Mazatlan
COLLECT1013106230,"21.543084377190304\,-105.28069890144357,San Blas",Capitan√≠a de Puerto San Blas,Captaincy of port San Blas
COLLECT1013106008,"21.26405328368012\,-89.74141794172499",R√≠a de Chelem,Ria de Chelem
COLLECT1013106299,"16.701311166713147\,-99.66511442938749",Gordon,Gordon
COLLECT1013852414,"18.06418669932243\,-63.08671070000001",Any Way Marine,Any Way Marine
COLLECT10131546499,"10.175631499267679\,-85.107504",Muelle Conchal,Conchal Pier
COLLECT10131699437,"-6.023837899852268\,-76.9638439",Port Tahuishco,Port Tahuishco
COLLECT10131699388,"-12.069345688074302\,-77.16262487949504,Lima","Club de Regatas ""Lima""","Club de Regatas ""Lima"""
COLLECT10131699408,"-6.925584584068298\,-79.8672293540648",Puerto Eten - Parque Principal,Puerto Eten - main Park
COLLECT10131699413,"-12.705919999219493\,-76.63440000000001",Club Regatas Chorrillos,Club Regatas Chorrillos
COLLECT10131699390,"-9.075092999802587\,-78.6093716",Puerto ENAPU,Puerto ENAPU
COLLECT10131687294,"-27.299661499959047\,-56.0270885",Puerto Trociuk,Puerto Trociuk
COLLECT10131489238,"22.126349499469537\,-80.4516514",Alboran,Alboran
COLLECT10131489266,"21.73647449944273\,-79.9949708",Marina Marlin,Marina Marlin
COLLECT10131489256,"21.62276289943503\,-81.56423240000001",Marina Cayo Largo,Marina Key Largo
COLLECT10131489187,"23.139179599598297\,-82.3476039",Muelle de la Marina de Guerra Revolucionariaa,The Revolucionariaa Navy Pier
COLLECT10131489174,"22.126421888158923\,-80.45131360089822",Club Cienfuegos,Club Cienfuegos
COLLECT10132086183,"-17.03147909979528\,-72.0164645",Mollendo,Mollendo
COLLECT10132086128,"-6.769216702183241\,-79.97008930851798",Caleta San Jose,Caleta San Jose
COLLECT10132569554,"8.982434426659918\,-79.57504718916346",Muelle de Corozal,Muelle de Corozal
COLLECT10132569587,"9.59873513788437\,-79.4389529140283",Turtle Cay Marina,Turtle Cay Marina
COLLECT10133317581,"12.629754999219946\,-87.142129",Tonal√°,Tonal√°
COLLECT10135561304,"9.940765404905575\,-84.97095748225584",Playa Naranjo,Playa Naranjo
COLLECT10135606933,"9.017598151472134\,-79.61335754394533,Miraflores",Esclusos D√® Miraflores,Esclusos of Miraflores
COLLECT10135599377,"18.471298249456446\,-69.87613657422366",Puerto Sansouc√≠,Port Sansouci
COLLECT10135539865,"-39.84841330020653\,-73.3169917",Marina Estancilla,Estancilla Marina
COLLECT10135561253,"9.977178572882643\,-84.82922363281251",Club Nautico Puerto Azul,Club N√°utico Puerto Azul
COLLECT10135599345,"19.457407329383265\,-70.6843297955658",Boot Camp Army Trainning,Boot Camp Army Trainning
COLLECT10135606960,"7.990939999817509\,-80.400492",Puerto El Agallito,Puerto El Agallito
COLLECT10135599381,"18.448725999338834\,-69.647764",Roa Boat Center,Roa Boat Center
COLLECT10135606976,"8.938058999804293\,-79.555992,Balboa,Panama City",Port of Panama City (Balboa),Port of Panama City (Balboa)
COLLECT10135606986,"8.981492940064141\,-79.57921710029092,Miraflores Fore Bay",Miraflores Fore Bay,Miraflores Fore Bay
COLLECT10135539848,"-23.61087095090635\,-70.39244269660051",Terminal Shell,Terminal Shell
COLLECT10135606937,"8.532111798399896\,-79.89644050598145",Panama Tropics Real Estate,Panama Tropics Real Estate
COLLECT10136147550,"-31.78179600007932\,-52.33561699999999",Porto de Pelotas,Port of Pelotas
COLLECT10136147471,"-22.914523958916476\,-43.09806599060265",Praia Clube S√£o Francisco,Beach Club San Francisco
COLLECT10136147254,"-6.319392203747293\,-35.04685974121094",Naturezatur,Naturezatur
COLLECT10136147429,"-12.960751947407037\,-38.50642268570199,Salvador",Porto de Salvador,Port of Salvador
COLLECT10136147168,"-12.84394523291866\,-38.47100015055373",Cais A,The Pier
COLLECT10136147621,"-25.87413050026982\,-48.57936692457325",Iate Clube Guaratuba,Guaratuba Yacht Club
COLLECT10136147497,"-12.798274563603513\,-38.45498441709801,Aratu Marina",Marina Aratu,Aratu Marina
COLLECT10136147265,"-23.130997999597813\,-44.29637400000001,Uberabinha Beach",Praia Do Uberabinha,Uberabinha Beach
COLLECT10136147605,"-20.669845580505484\,-40.50013732910156",Capit√£o Zequinha,Captain Bharat
COLLECT10136172912,"-35.474985900182915\,-72.5044213",Caleta Pellines,Caleta Pellines
COLLECT10136147135,"-3.729979811153431\,-38.51314984537008",Lan house Gyg@net,Lan house Gyg @ net
COLLECT10136147566,"-22.919369999881333\,-43.170941",Marina da Gl√≥ria,Marina da Gl√≥ria
COLLECT10136172809,"-33.52339618074794\,-71.6038894156701",Litoral de los Poetas,Coastline of the poets
COLLECT10136147416,"-8.125656098048609\,-34.90797560445859,Honi Beach",Praia De Honi,Honi Beach
COLLECT10136172841,"-32.91891300191517\,-71.51843699300798,Caleta San Pedro",Caleta San Pedro,Caleta San Pedro
COLLECT10136147648,"-28.237515135841278\,-48.65556945265742,Imbituba",Porto de Imbituba,Port of Imbituba
COLLECT10136147503,"-22.753962938618333\,-41.886776221411886",Pier Militar de B√∫zios,Military pier of B√∫zios
COLLECT10135855322,"13.57754081275985\,-89.83260299286165,Acajutla",CEPA Acajutla,STRAIN Acajutla
COLLECT10135855315,"13.684388384867542\,-89.20272769921925",Lago de coatepeque,Coatepeque Lake
COLLECT10136147099,"-2.5356417776770837\,-44.355654471748906",Cais de atraca√ß√£o da mar√© Alta,Pier for berthing of high tide
COLLECT10136147157,"-23.731005599635566\,-46.57854459999999",mfalves port√µes,mfalves gates
COLLECT10136147557,"-9.637667113857772\,-36.20548725128174",victor 5,victor 5
COLLECT10136147375,"-29.948608537060696\,-50.13006149445225",Marina Barranco,Marina ravine
COLLECT10136147120,"-10.940749372236102\,-37.08356201648712",bc26,bc26
COLLECT10134862692,"17.981950137644013\,-76.82275196979394",Newport West,Newport West
COLLECT10136147658,"-24.728378399403404\,-47.55985284257161",Marina,Marina
COLLECT10136172858,"-33.04151300012361\,-71.426649",Marcoleta Racing,Marcoleta Racing
COLLECT10136277849,"23.50657579951315\,-75.76989060000001",Minns Water Sports,Remember Water Sports
COLLECT10136147217,"-23.23369614918784\,-44.70409907308226",Marina P√≠er 46,Marina Pier 46
COLLECT10136147319,"-1.3137049998768997\,-48.296535",S√≠tio Ambelon Ceu,Ambelon Ceu Website
COLLECT10136141478,"-2.188599999767434\,-79.90058830000001","Muelle ""Estero Salado""","""Estero Salado"" dock"
COLLECT10136147307,"-27.213860999851587\,-48.511532",Pousada Porto Da Vo,Pousada Porto Da Vo
COLLECT10136172861,"-23.083205993226198\,-70.41560411453247",Sitio 2 Muelle Puerto Mejillones,Site 2 dock port mussels
COLLECT10136147081,"-8.080357550931321\,-34.970699310302734",Cidade Dos Sonhos,City Of Dreams
COLLECT10136147582,"-12.714740752393292\,-38.320892333984375,Cancun",Cancun,Cancun
COLLECT10136172794,"-33.04737812244846\,-71.61094759001632,San Ignacio",Pedro Montt Esq. San Ignacio,Pedro Montt Esq. San Ignacio
COLLECT10136147543,"-26.29136369976699\,-48.7806659",Joinville Iate Clube,Joinville Yacht Club
COLLECT10136277838,"20.957620177260367\,-73.678921823709,Mathew Town Port",Mathew Town Port,Mathew Town Port
COLLECT10136147626,"-32.12390699883671\,-52.102136641042286,Brazil,Rio Grande","Port of Rio Grande\, Brazil","Port of Rio Grande\, Brazil"
COLLECT10135156554,"-42.48087509073086\,-73.7588531087718",Puerto de Castro,Port of Castro
COLLECT10135156537,"-32.70870170011283\,-71.4895503",Sindicato de Pescadores,Union of fishermen
COLLECT10135156511,"-38.63868540140504\,-73.35400556526044",Puerto Esperanza,Port hope
COLLECT10135606935,"8.26881479981336\,-82.85703709999999",Puerto Armuelles,Puerto Armuelles
COLLECT10135606957,"9.384959999296173\,-79.816001",AES termo terminal,AES end terminal
COLLECT10135599352,"19.454561999386264\,-70.713122,Paseo",Piscinazo en Paseo del Yaque,Glupby at Paseo el Yaque
COLLECT10135539844,"-22.921227982479436\,-70.28957173379075",Los Pescadores,The fishermen
COLLECT1013551383,"11.46164959923493\,-85.78916369999999,Lake,San Jorge",Puerto Lacustre de San Jorge,Lake port of San Jorge
COLLECT1013551374,"12.481674403207437\,-87.13877540117348,Corinto",Autoridad Portuaria Corinto,Corinto port authority
COLLECT10132086111,"-12.410372030292706\,-76.7798638343811",Muelle 1 Embajadores,Pier 1 ambassadors
COLLECT10131296846,"12.520192398775462\,-70.0424849",Cruise Ship Dock,Cruise Ship Dock
COLLECT10133317588,"11.620879599780576\,-85.08185859999999",Portuaria Morrito,Port Morrito
COLLECT10133617966,"17.98432028199147\,-76.82790993720583",Gateway Shipping International Ltd,Gateway Shipping International Ltd
COLLECT101315060545,"-34.466582000185845\,-58.60330020000001",Muelle,Spring
COLLECT101315214395,"9.426434368558946\,-84.16717887700493",Quepos Marina,Quepos Marina
COLLECT101315358016,"-22.96817334917171\,-44.080549636951396",Pier 51,Pier 51
COLLECT101315357901,"-27.189539999850165\,-48.50626",Marina Arvoredo,Marina Grove
COLLECT101315630768,"7.434756199305481\,-80.9163039",El Nance,The Nance
COLLECT101315357859,"-7.944278292337673\,-34.82824685472381",Marina Costa Azul,Marina Riviera
COLLECT101314387625,"9.695621460712248\,-75.61527062078017",Berrugas,Wrinkles
COLLECT101316135838,"-11.839704168214869\,-77.15660224256571",Paint Ball Beach,Paint Ball Beach
COLLECT101317724759,"10.463462455852195\,-64.18665647506714",Nauti Hogar,Nauti home
COLLECT101323820367,"21.26748223543867\,-89.70372629434915",Astillero MIMSA Marina,Shipyard Marina MIMSA
COLLECT101323820262,"16.836973099276978\,-99.90520450000002",Club de Yates,Yacht Club
COLLECT101323820227,"19.09408509936857\,-96.10546000000002",Marina,Marina
COLLECT101323820321,"20.50856469944181\,-86.95337500000001",Snorkeling Tour Harbour,Snorkeling Tour Harbour
COLLECT101327874134,"-2.6294479367685386\,-44.27134704589844",Amor,Love
COLLECT101324367666,"13.32709259977647\,-87.8133774",Puerto CORSAIN,Puerto CORSAIN
COLLECT101324367681,"15.51314899924143\,-88.035884",Rivera Fiallos Cargo,Rivera Fiallos Cargo
COLLECT1013106074,"21.270516790205544\,-89.69508798069074",Marina Rojano,Marina Rojano
COLLECT1013106275,"20.66249599945032\,-105.252199",Kayaking @ Marina Vallarta,Kayaking @ Marina Vallarta
COLLECT1013106210,"16.759558999274486\,-99.77742",Gurruru,Gurruru
COLLECT1013106238,"20.50873707555171\,-86.95645618470763,Cruise Port Cozumel",Cruise Port Cozumel,Cruise Port Cozumel
COLLECT1013106262,"22.212236923181216\,-97.85749612435094,Tampico",Heroico Puerto De Tampico,Heroic port of Tampico
COLLECT1013106358,"19.096748158632426\,-96.11454532009117",Marina Sagitario,Marina Sagittarius
COLLECT1013106343,"18.107126999324183\,-94.45984",Finca Quintana,Villa Quintana
COLLECT1013106064,"16.84863719917411\,-99.9020256",Terminal Mar√≠tima,Maritime Terminal
COLLECT1013106373,"21.27280349484726\,-89.69894157530855",Marina Tortugas,Marine turtles
COLLECT1013106038,"19.060277823604494\,-95.99490560876694",Puerto Dominguez De La Torre,Puerto Dominguez Tower
COLLECT1013106107,"22.237781301307766\,-97.83442276702735",TMAG / Terminal Mar√≠tima √Årbol Grande,TMAG / Terminal maritime big tree
COLLECT1013106380,"20.46774148071046\,-86.97750030305681",Marina FONATUR Cozumel,FONATUR Cozumel Marina
COLLECT1013106110,"19.195098911860484\,-104.68221930387456",Puerto de BARRA DE NAVIDAD,Port of BARRA DE NAVIDAD
COLLECT10131489231,"21.90019579945395\,-84.90729290000002,Marina Cabo San Antonio",Marina Cabo San Antonio,Marina Cabo San Antonio
COLLECT10131489167,"22.46048329949285\,-78.14258690000001",Pared√≥n pesca,Wall fishing
COLLECT10131489194,"23.13788872465324\,-82.34822217076557,Havana Bay",Bahia De La Habana,Havana Bay
COLLECT10131546513,"8.612899099329933\,-83.1416755",Muelle,Spring
COLLECT10131546488,"10.545513799256518\,-83.59557330000003",Muelle La Pavona,The Pavona Pier
COLLECT10131296837,"12.517608198775477\,-70.0396498,Oranjestad Marina",Oranjestad Marina,Oranjestad Marina
COLLECT10131546465,"9.649925663942724\,-84.63924955565393",Sunny One Boat Slip,Sunny One Boat Slip
COLLECT10132086153,"-11.107964685875272\,-77.60892510439342,Huacho",Puerto de Huacho,Port of Huacho
COLLECT10132086141,"-12.068157601408688\,-77.15982399569117",Circolo Canottieri,Circolo Canottieri
COLLECT10132086135,"-12.049774938427058\,-77.1217719828548",Muelle 7A Apm Terminals,Muelle 7A Apm Terminals
COLLECT10132086167,"-17.01066266407967\,-72.11047957690904",amarradero F,amarradero F
COLLECT10131546464,"9.633056639911553\,-84.41575622558594",Club de Yates Quisco,Quisco Yacht Club
COLLECT10133617975,"18.404518712597845\,-77.1060051445456,Jamaica",Jamaica,Jamaica
COLLECT10131834144,"18.1126962993244\,-63.037165200000004",Port de Lonvilliers,Port de Lonvilliers
COLLECT10131699372,"-12.747061343914908\,-76.62753293686646",Club House Playa Coral,Club House Playa Coral
COLLECT10132086104,"-12.670928911867902\,-76.62920270605223,Bahia Bujama",Bahia Bujama,Bahia Bujama
COLLECT10132569543,"9.24021000492904\,-79.92080330206062,Gatun Anchorage Basin",Gatun Anchorage Basin,Gatun Anchorage Basin
COLLECT10132569556,"8.911857489212224\,-79.52157307688393",Cayuco,Cayuco
COLLECT10132569620,"8.970886771071573\,-79.55587410733911",Patsa Terminal,Patsa Terminal
COLLECT10132569565,"9.371117521724106\,-79.87975236522823",Coassa,Coassa
COLLECT10131699389,"-9.090406308197714\,-78.57569703759536,Chimbote",Puerto de Chimbote,Port of Chimbote
COLLECT10131699473,"-12.579544324801939\,-76.70389677588716",Rinconada Country Club,Rinconada Country Club
COLLECT10133724843,"12.010795899226137\,-61.739506399999996",Clarks Court Bay Marina,Clarks Court Bay Marina
COLLECT101315630761,"9.11858199930717\,-79.714682",STRI Dock,STRI Dock
COLLECT101315357800,"-1.4206218718152406\,-48.4860610961914",surty,Surty
COLLECT101315357955,"-3.7198491595920156\,-38.52883362430528",P√≠er - Marina Park Hotel,Pier-Marina Park Hotel
COLLECT101315060525,"-38.78802360005988\,-62.2683475,Bah√≠a Blanca",Puerto de Bahia Blanca,Port of Bah√≠a Blanca
COLLECT10136147536,"-0.1569766644028078\,-50.39246913164085",orla de Afu√°,edge of Afu√°
COLLECT10136147045,"-2.5045610075236313\,-44.262412964339475",Marina AVEN,Marina AVEN
COLLECT10136147364,"-26.774608415293145\,-48.66590442034459",Iate Clube Pi√ßarras,Pi√ßarras Yacht Club
COLLECT10136172823,"-33.05003895184582\,-71.60933662391717","#SinRumboAparente","#SinRumboAparente"
COLLECT10136147402,"-22.969881652967658\,-42.01826485487434",Porto do Forno,Oven port
COLLECT10136147422,"-23.22265364609701\,-44.716157913208015,Paraty",Cais de Paraty,Quay of Paraty
COLLECT10136147447,"-25.54242099974977\,-48.524796",Marina Orcomar,Marina Orcomar
COLLECT10136147210,"-22.748950677881535\,-41.88170332672888",Pier dos Pescadores,Pier dos Pescadores
COLLECT10136147191,"-22.74619288593947\,-41.88270212362867",Regata De Veleiros Classicos Etapa Buzios,Regatta Sailboats Classics Step Buzios
COLLECT10136147521,"-3.7432149996600064\,-38.49445099999999",Puerto Yes,Puerto Yes
COLLECT10136147390,"-2.4216513923253102\,-44.10044785494116",Porto do Braga,Port of Braga
COLLECT10136317401,"19.353813099381245\,-81.3807598",Captain Marvin's,Captain Marvin's
COLLECT10136147289,"-9.795424999280641\,-36.103916",Navio Luxurious,Luxurious Ship
COLLECT10136147097,"-22.914452779441614\,-43.10358260577018",Sailing Club,Sailing Club
COLLECT10136147475,"-28.484436035080112\,-48.78265762329102",Cais do Mercado P√∫blico,Quay Public market
COLLECT10136147409,"-9.46966357294848\,-35.55341258800476",Centro De Windsurf Bons Ventos,Windsurfing Centre Weatherlight
COLLECT10136172901,"-32.776361061626126\,-71.52661084545528",Capitania De Puerto De Quintero,Quintero port captain
COLLECT10136173876,"18.06998796783823\,-63.08830070835986,Marina Fort Louis",Marina Fort Louis,Marina Fort Louis
COLLECT10136141503,"-0.9565079437664106\,-80.80771213808629",Puerto,Port
COLLECT10136172813,"-23.072763464833447\,-70.38450425757961",Puerto Angamos,Angamos port
COLLECT10136147346,"-13.009181349199443\,-38.49630756500434",Pier 535,Pier 535
COLLECT10135156521,"-41.747934600189566\,-73.7054542",Terminal pesquero,Fishing Terminal
COLLECT10135561305,"8.622462106727786\,-83.15212816040923",Land and Sea Marina,Land and Sea Marina
COLLECT10135606953,"8.916633828329124\,-79.52804721530927",Amador's Harbor,Amador's Harbor
COLLECT10135539784,"-23.652502563086426\,-70.40232407451859",Gobernaci√≥n Mar√≠tima,Maritime governance
COLLECT10135606982,"8.956510486386593\,-79.56845724166367,Balboa Basin",Balboa Basin,Balboa Basin
COLLECT10135561258,"8.628918100101359\,-83.15956712370023",Muelle Samoa del Sur,Spring-Samoa-South
COLLECT10135599325,"18.402033753625908\,-68.98960594996274",Marina,Marina
COLLECT10135561257,"9.973200806080786\,-84.8310792886086",Muelle Tur√≠stico,Tourist pier
COLLECT10135561263,"9.982615299170343\,-84.81251880000002",Dique Seco Samy Manley,Dam dry Samy Manley
COLLECT10139462681,"8.349974642256111\,-80.15193757866732,Panama",Muelle Golfo De Panam√°,Spring Gulf of Panama
COLLECT10134599996,"15.655143460361632\,-88.99526159979635",El Rellemo marina,The Rellemo marina
COLLECT101338271635,"-34.933197182900805\,-56.16085880746308",La Restinga,La Restinga
COLLECT101338271682,"-34.920196118798316\,-56.17206150720753",Club de pesca Armonia,Fishing harmony Club
COLLECT101332254501,"-27.614812599857103\,-48.586089900000005,Marina Middle Beach",Marina Praia do Meio,Marina Middle Beach
COLLECT101333968102,"10.207002461866217\,-64.66142679724672,Puerto Bahia Redonda",Puerto Bahia Redonda,Puerto Bahia Redonda
COLLECT10134599991,"15.67895499924504\,-88.9736833",M & M Marina,M & M Marina
COLLECT10134599987,"13.923789191734082\,-90.78883024147075",Puerto Quetzal,Puerto Quetzal
COLLECT10135539873,"-33.193947786171115\,-71.69982805034974",Austral Divers Quintay,Austral Divers Quintay
COLLECT10135561296,"9.979574999274172\,-84.81752",Henry's House,Henry's House
COLLECT10135599371,"18.44840489933885\,-69.309814",Muelle Maritimo,Dock marine
COLLECT10135561268,"10.063853799167221\,-84.96984909999999,Punta Morales",Muelle de Punta Morales,Dock of Punta Morales
COLLECT10135606955,"8.913217816921636\,-79.52846413283744",Muelle La Playita,The Beach Pier
COLLECT10135599365,"18.640446899347417\,-68.3480938",Scubaquatic Hotel Catalonia,Scubaquatic Hotel Catalonia
COLLECT10135606965,"9.366086999296899\,-79.94747599999998,panama","shleter bay marina\, colon\, panama","shleter bay marina\, colon\, panama"
COLLECT10135599314,"18.722051999351127\,-68.465586",Bahia Principe Boat House,Bahia Principe Boat House
COLLECT10135606924,"8.351745627333194\,-80.14676436774434,Panama Canal",Canal De Panama,Panama Canal
COLLECT10135156486,"-23.759763938775592\,-70.46331141775323",Caleta Coloso,Caleta colossus
COLLECT10136147588,"-23.767954970885878\,-45.403189982540866",Marina Igararec√™,Marina Igararec√™
COLLECT10136172866,"-33.364841138640244\,-71.67916898010725",Cofrad√≠a N√°utica Del Pac√≠fico,Pacific Sailing Club
COLLECT10136147163,"-11.008381265062567\,-37.09177754749303",Fim de Aracaju,End of Aracaju
COLLECT10136147230,"-20.670407574369122\,-40.50315206485261",Canal De Guarapari,Channel Of Guarapari
COLLECT10136147314,"-2.5676677851967\,-44.309176761737966",ox (*),ox (*)
COLLECT10136147293,"-22.876167918168132\,-42.02811547868888",Portinho,Portinho
COLLECT10136147371,"-23.819128991740236\,-46.04519976710976",Garagem N√°utica Indaia,Nautical Alex Garage
COLLECT10136147331,"-8.111213999355005\,-34.956232",porto de galinha,Porto de galinha
COLLECT10136172840,"-20.209519345967205\,-70.15547932476554,Iquique",Club de Yates de Iquique,Club de yacht de Iquique
COLLECT10136147586,"-8.446023940378034\,-35.003978729248054",Aproveitando o dia,Enjoying the day
COLLECT10136147043,"-25.57062180253114\,-48.36317735813772",Ilha do Mel Condom√≠nio N√°utico,Ilha do Mel Nautical Condominium
COLLECT10136147488,"-6.075331972451926\,-35.238404545580615",Barco bonfim,Boat Bansal
COLLECT10136147344,"-22.94664699958632\,-43.176097",Tuiuiu,Tuiuiu
COLLECT10136147463,"-29.778996979398418\,-50.189718585936625",Pinguela Iate Clube,Pinguela Iate Clube
COLLECT10136141556,"-2.1498635998000215\,-79.9001884",Fasinarm,Fasinarm
COLLECT101327874261,"-8.397484169824986\,-34.98622514032348",PC 1,PC 1
COLLECT101327873909,"-24.000012530115356\,-46.293526017927,Asturias",Marina das Ast√∫rias,Marina of Asturias
COLLECT101327874284,"-8.238957679338384\,-34.93714122684755",Marina dos Amigos,Marina of friends
COLLECT101328428769,"18.67390360576912\,-68.40740889073105",Scuba Charter Boot Catamaran,Scuba Charter Boot Catamaran
COLLECT101316135877,"-12.102692603289935\,-77.04215240478517,San Isidro",Barras Golf San Isidro,Bar Golf San Isidro
COLLECT101317724779,"9.778468999178518\,-71.06809200000001,Muelle de San Lorenzo",Muelle de San Lorenzo,Muelle de San Lorenzo
COLLECT101323820325,"24.12547312126315\,-110.34603443390664",Marina Sur,Marina on
COLLECT101325881378,"12.078246799225258\,-68.8520302",Cura√ßao Yacht Club,Cura√ßao Yacht Club
COLLECT101327500592,"9.613801860624026\,-84.62734954809889",El Paseo De Los Surfistas,Paseo De surfers
